id,first_name,last_name,email,gender,ip_address
1,Kalinda,Eastbury,keastbury0@sun.com,Female,24.22.108.227
2,Deanne,Pancoast,dpancoast1@ehow.com,Female,244.211.203.219
3,Ogdan,Herrema,oherrema2@pen.io,Male,205.92.237.30
4,Raquel,Bovingdon,rbovingdon3@samsung.com,Female,187.133.25.245
5,Sylas,Witty,switty4@abc.net.au,Male,94.117.203.210
6,Lainey,Levitt,llevitt5@creativecommons.org,Female,243.128.233.170
7,Fidelio,Jain,fjain6@tiny.cc,Male,255.163.139.243
8,Beatrix,Duignan,bduignan7@istockphoto.com,Female,247.8.99.73
9,Irma,Gantlett,igantlett8@ucoz.ru,Female,20.96.174.175
10,Corine,Swinburne,cswinburne9@cnbc.com,Female,2.61.177.73
11,Ashley,Cheng,achenga@hc360.com,Male,182.40.35.15
12,Germain,Dudin,gdudinb@pen.io,Male,236.116.42.205
13,Cherise,Anthiftle,canthiftlec@jugem.jp,Female,173.161.147.210
14,Fredrika,Aharoni,faharonid@home.pl,Agender,100.14.155.253
15,Joete,Mavin,jmavine@weather.com,Female,99.121.181.251
16,Kimberly,Strattan,kstrattanf@goo.gl,Female,147.230.150.245
17,Angel,Le Fleming,aleflemingg@barnesandnoble.com,Female,97.10.241.103
18,Andonis,Vieyra,avieyrah@upenn.edu,Male,14.57.241.126
19,Angelico,Berrey,aberreyi@amazon.co.jp,Male,161.199.150.152
20,Noelle,Baumford,nbaumfordj@cnet.com,Female,124.181.78.116
21,Darren,Cottel,dcottelk@google.com.au,Male,212.231.29.71
22,Dillon,Martin,dmartinl@simplemachines.org,Male,184.45.135.101
23,Lena,Thomassin,lthomassinm@flickr.com,Polygender,99.182.149.46
24,Zollie,Pawlata,zpawlatan@weather.com,Male,47.207.60.66
25,Colver,Staite,cstaiteo@geocities.jp,Male,119.62.172.179
26,Jeralee,Esposita,jespositap@blogspot.com,Agender,123.160.207.225
27,Dalt,Hatley,dhatleyq@cargocollective.com,Male,64.53.114.73
28,Kathlin,Rubinovitsch,krubinovitschr@simplemachines.org,Female,240.140.56.93
29,Andromache,Bliven,ablivens@theguardian.com,Female,43.28.223.169
30,Jada,Saywood,jsaywoodt@independent.co.uk,Female,165.1.97.188
31,Elyssa,Osmar,eosmaru@hao123.com,Polygender,64.73.41.106
32,Reube,Mitchenson,rmitchensonv@google.es,Male,251.6.30.118
33,Land,Josum,ljosumw@skype.com,Male,10.106.161.0
34,Ethe,Bauchop,ebauchopx@bbc.co.uk,Male,46.3.98.208
35,Cecil,Ferreri,cferreriy@last.fm,Male,42.105.21.135
36,Roland,Oswal,roswalz@si.edu,Male,137.15.154.94
37,Devy,Larratt,dlarratt10@jugem.jp,Male,113.116.26.224
38,Licha,McGuinley,lmcguinley11@unicef.org,Female,97.225.232.246
39,Bert,Bax,bbax12@tamu.edu,Genderfluid,204.235.208.203
40,Uriel,Fayre,ufayre13@altervista.org,Male,127.7.15.226
41,Genevieve,Wolford,gwolford14@earthlink.net,Female,254.21.175.245
42,Catarina,Vatcher,cvatcher15@go.com,Female,113.167.4.251
43,Aylmer,Buglass,abuglass16@apple.com,Male,143.195.245.255
44,Maje,Zupone,mzupone17@baidu.com,Non-binary,102.68.84.146
45,Archibold,Witherow,awitherow18@github.io,Male,144.14.126.166
46,Sawyer,Blackshaw,sblackshaw19@shutterfly.com,Male,196.195.147.63
47,Towny,Maldin,tmaldin1a@indiegogo.com,Male,77.210.25.30
48,Ynez,Lawrenson,ylawrenson1b@constantcontact.com,Female,180.167.112.115
49,Cecile,Shirtliff,cshirtliff1c@gizmodo.com,Female,131.35.180.149
50,Phillip,Bertl,pbertl1d@noaa.gov,Male,220.19.110.16
51,Karna,Waltho,kwaltho1e@amazon.de,Female,195.229.94.150
52,Anet,Pauletti,apauletti1f@businessweek.com,Female,222.221.68.12
53,Laird,Maytom,lmaytom1g@upenn.edu,Male,7.68.239.102
54,Moira,Atwell,matwell1h@slate.com,Female,17.185.170.101
55,Damon,Camelli,dcamelli1i@paginegialle.it,Male,98.181.123.247
56,Ezra,Delahunt,edelahunt1j@huffingtonpost.com,Male,119.195.252.58
57,Enrico,Harower,eharower1k@businessweek.com,Male,2.253.69.113
58,Aylmar,Gilcrist,agilcrist1l@ca.gov,Male,100.52.156.144
59,Nicoline,Ravenshaw,nravenshaw1m@apple.com,Female,251.192.57.129
60,Vincenz,Fawcett,vfawcett1n@merriam-webster.com,Male,250.20.51.184
61,Norry,Mapledoore,nmapledoore1o@china.com.cn,Female,94.242.9.44
62,Garrek,Davidge,gdavidge1p@biglobe.ne.jp,Male,49.4.53.230
63,Erma,McEniry,emceniry1q@buzzfeed.com,Female,246.14.194.11
64,Rodolfo,Braams,rbraams1r@ustream.tv,Male,184.43.136.62
65,Jen,Shanahan,jshanahan1s@4shared.com,Female,146.188.79.21
66,Spenser,Nussgen,snussgen1t@list-manage.com,Male,245.52.60.151
67,Spence,Deverille,sdeverille1u@addtoany.com,Male,181.127.198.197
68,Krystle,Kobu,kkobu1v@unesco.org,Female,72.123.216.216
69,Siobhan,Shevlin,sshevlin1w@nature.com,Female,118.173.230.230
70,Wenona,Americi,wamerici1x@digg.com,Female,146.7.86.129
71,Ivonne,Beagles,ibeagles1y@issuu.com,Female,76.240.206.158
72,Kristo,Stockton,kstockton1z@symantec.com,Polygender,121.56.243.114
73,Honey,Huncoot,hhuncoot20@photobucket.com,Female,203.28.211.155
74,Pammie,Lardner,plardner21@geocities.com,Non-binary,215.79.197.136
75,Issi,Godney,igodney22@paginegialle.it,Female,207.147.98.148
76,Trenton,Carwithim,tcarwithim23@webs.com,Male,148.48.94.165
77,Symon,Critzen,scritzen24@samsung.com,Male,172.249.168.6
78,Phedra,Quigg,pquigg25@indiegogo.com,Female,216.227.140.53
79,Arlina,Fant,afant26@gov.uk,Female,206.207.149.102
80,Bentlee,McKibbin,bmckibbin27@mayoclinic.com,Male,203.128.14.255
81,Alie,Sylvaine,asylvaine28@mac.com,Female,165.245.199.183
82,Rochette,Tarbox,rtarbox29@quantcast.com,Female,56.103.25.150
83,Kyla,Tidbald,ktidbald2a@va.gov,Female,124.99.108.58
84,Isabeau,Kliment,ikliment2b@merriam-webster.com,Female,230.153.167.92
85,Adora,Atterley,aatterley2c@huffingtonpost.com,Female,18.6.51.237
86,Mic,Renvoys,mrenvoys2d@goodreads.com,Bigender,143.163.108.6
87,Saudra,Suddaby,ssuddaby2e@indiegogo.com,Agender,127.153.104.166
88,Hedvig,Oppy,hoppy2f@geocities.jp,Female,23.210.119.196
89,Nedi,Brussels,nbrussels2g@simplemachines.org,Female,102.216.143.168
90,Ellette,Whacket,ewhacket2h@wiley.com,Female,11.231.144.68
91,Meir,Arnaud,marnaud2i@cafepress.com,Male,12.84.114.86
92,Staford,Danielot,sdanielot2j@odnoklassniki.ru,Male,11.211.181.187
93,Morgen,Blabber,mblabber2k@marriott.com,Female,160.176.223.44
94,Petunia,Adamovicz,padamovicz2l@behance.net,Female,41.29.236.124
95,Jerrylee,Bunce,jbunce2m@icio.us,Female,199.239.20.235
96,Jo-anne,Naris,jnaris2n@typepad.com,Female,158.24.55.15
97,Kyrstin,Teaz,kteaz2o@ted.com,Female,233.222.182.8
98,Vania,Dupey,vdupey2p@mit.edu,Female,74.16.224.225
99,Pen,Toman,ptoman2q@tinypic.com,Male,163.234.138.38
100,Arnie,April,aapril2r@list-manage.com,Male,38.189.165.142
101,Matteo,Leupold,mleupold2s@prweb.com,Genderqueer,203.168.174.89
102,Hollis,Quayle,hquayle2t@youtube.com,Male,65.104.131.70
103,Riordan,Henriksson,rhenriksson2u@edublogs.org,Male,224.99.57.130
104,Malachi,Bodker,mbodker2v@topsy.com,Male,138.140.41.170
105,Charline,Casetti,ccasetti2w@house.gov,Female,245.87.223.243
106,Archambault,Grannell,agrannell2x@cyberchimps.com,Male,255.5.14.97
107,Winston,Chaston,wchaston2y@github.com,Male,89.111.198.225
108,Connie,Gorvette,cgorvette2z@twitpic.com,Female,133.155.140.123
109,Blinnie,Walenta,bwalenta30@canalblog.com,Female,135.221.142.97
110,Nita,Hundal,nhundal31@google.it,Female,80.6.210.254
111,Boot,Frank,bfrank32@mozilla.com,Male,6.62.134.182
112,Sebastiano,Sedge,ssedge33@about.me,Male,51.208.38.116
113,Tonie,Mead,tmead34@qq.com,Genderfluid,93.228.182.46
114,Dewitt,Belz,dbelz35@va.gov,Male,210.94.105.124
115,Brittani,Orum,borum36@free.fr,Female,103.135.95.155
116,Lock,Choulerton,lchoulerton37@apple.com,Male,151.14.37.79
117,Wood,Ridler,wridler38@php.net,Male,224.188.176.105
118,Evanne,Roman,eroman39@china.com.cn,Polygender,215.85.176.201
119,Grace,Killshaw,gkillshaw3a@economist.com,Female,17.20.253.110
120,Correy,Ream,cream3b@github.io,Male,203.227.130.233
121,Ruthy,Geydon,rgeydon3c@miitbeian.gov.cn,Female,75.4.255.177
122,Chester,Waghorne,cwaghorne3d@bravesites.com,Male,107.42.149.253
123,Vittorio,Locks,vlocks3e@microsoft.com,Male,5.136.47.222
124,Sherlocke,Renackowna,srenackowna3f@auda.org.au,Non-binary,68.18.241.48
125,Gearalt,Raffin,graffin3g@soundcloud.com,Male,27.42.201.161
126,Coreen,Vaughten,cvaughten3h@facebook.com,Female,50.78.170.109
127,Ugo,Croome,ucroome3i@senate.gov,Male,67.233.248.79
128,Matthieu,Cleaton,mcleaton3j@creativecommons.org,Male,207.22.180.190
129,Elene,Jaggar,ejaggar3k@meetup.com,Female,98.133.94.11
130,Ilyssa,Oxenbury,ioxenbury3l@cdbaby.com,Female,81.230.39.75
131,Anica,Artharg,aartharg3m@shutterfly.com,Female,85.153.161.61
132,Hill,Gligoraci,hgligoraci3n@japanpost.jp,Genderfluid,31.216.6.15
133,Michell,Rheubottom,mrheubottom3o@so-net.ne.jp,Female,42.21.97.95
134,Calla,Lown,clown3p@mozilla.org,Female,168.245.144.123
135,Agace,Christophers,achristophers3q@bluehost.com,Female,240.107.156.68
136,Nollie,Braybrookes,nbraybrookes3r@japanpost.jp,Male,214.47.33.82
137,Esmaria,Burnage,eburnage3s@wunderground.com,Female,209.253.39.149
138,Allegra,Lound,alound3t@yolasite.com,Female,21.144.155.179
139,Tam,Fearnley,tfearnley3u@kickstarter.com,Male,142.110.45.191
140,Mabelle,Tenbrug,mtenbrug3v@dagondesign.com,Female,16.246.87.101
141,Merrill,Whiskerd,mwhiskerd3w@twitpic.com,Female,103.110.133.5
142,Grayce,Louis,glouis3x@ask.com,Female,207.178.197.219
143,Lind,Dursley,ldursley3y@ca.gov,Male,83.64.47.72
144,Dulci,Jaskowicz,djaskowicz3z@indiatimes.com,Female,236.106.192.203
145,Julia,Stilgo,jstilgo40@tiny.cc,Genderfluid,132.33.125.163
146,Kathrine,Candey,kcandey41@psu.edu,Female,62.115.152.40
147,Vincenty,McCambridge,vmccambridge42@omniture.com,Male,41.44.46.115
148,Mortie,Posen,mposen43@1688.com,Male,230.188.5.99
149,Rodge,Turville,rturville44@storify.com,Male,121.7.139.85
150,Gordie,Brimham,gbrimham45@yellowpages.com,Male,81.214.44.201
151,Virgilio,Loughhead,vloughhead46@mozilla.org,Male,225.32.96.106
152,Gerri,Menier,gmenier47@umn.edu,Male,198.66.58.194
153,Humfrid,Marrows,hmarrows48@t.co,Male,149.158.137.218
154,Carl,Arber,carber49@github.com,Genderfluid,180.10.102.117
155,Marja,Screeton,mscreeton4a@apple.com,Female,181.9.245.45
156,Burch,Kondratyuk,bkondratyuk4b@reverbnation.com,Male,34.182.221.11
157,Retha,Caffrey,rcaffrey4c@reuters.com,Female,173.99.15.211
158,Jamima,Rodriguez,jrodriguez4d@nyu.edu,Female,32.182.209.75
159,Alameda,Wantling,awantling4e@army.mil,Female,47.170.226.221
160,Kat,Phelips,kphelips4f@reuters.com,Female,180.138.194.162
161,Forest,Halburton,fhalburton4g@google.cn,Male,32.180.219.141
162,Cos,Verdy,cverdy4h@washington.edu,Male,71.106.186.226
163,Opalina,Kobpa,okobpa4i@bbc.co.uk,Female,63.178.179.98
164,Cherye,Davis,cdavis4j@blog.com,Female,179.169.36.55
165,Glenn,Aronson,garonson4k@unesco.org,Female,223.218.1.90
166,Harper,Haylands,hhaylands4l@symantec.com,Male,168.116.137.5
167,Damiano,Itzhak,ditzhak4m@toplist.cz,Male,177.111.117.106
168,Mickey,Girodias,mgirodias4n@omniture.com,Male,69.11.230.0
169,Analiese,Brierly,abrierly4o@thetimes.co.uk,Female,1.62.81.47
170,Anastasie,Bryson,abryson4p@hud.gov,Female,181.228.65.150
171,Bronnie,Longrigg,blongrigg4q@google.co.jp,Male,188.157.153.153
172,Guthry,D'Andrea,gdandrea4r@furl.net,Male,122.175.101.114
173,Conant,Enderson,cenderson4s@foxnews.com,Male,143.86.145.113
174,Merrill,Marking,mmarking4t@smugmug.com,Male,140.228.166.150
175,Alanah,Alejandri,aalejandri4u@themeforest.net,Genderfluid,75.68.117.171
176,Tedi,Garbutt,tgarbutt4v@ed.gov,Female,26.249.124.230
177,Bax,Hecks,bhecks4w@people.com.cn,Male,26.159.146.210
178,Orland,Hazell,ohazell4x@chicagotribune.com,Male,239.68.87.16
179,Elisabet,Nobriga,enobriga4y@boston.com,Female,26.171.58.239
180,Blakelee,Worsell,bworsell4z@netvibes.com,Female,147.227.176.223
181,Ware,Tesseyman,wtesseyman50@cpanel.net,Male,185.245.81.136
182,Yasmin,Curling,ycurling51@seesaa.net,Female,48.113.223.164
183,Edita,Peasee,epeasee52@facebook.com,Agender,92.125.104.158
184,Alana,Harriot,aharriot53@ezinearticles.com,Female,174.105.184.234
185,Isiahi,Attwood,iattwood54@omniture.com,Male,160.61.19.156
186,Juditha,Croll,jcroll55@reddit.com,Female,255.25.76.175
187,Linn,Beetham,lbeetham56@webeden.co.uk,Male,219.248.242.97
188,Tarrah,Ramirez,tramirez57@nature.com,Female,49.48.78.109
189,Heidie,Pankhurst.,hpankhurst58@typepad.com,Female,130.206.130.80
190,Craggy,Shinefield,cshinefield59@wufoo.com,Male,229.145.230.69
191,Launce,Ibotson,libotson5a@dedecms.com,Bigender,166.114.101.224
192,Orazio,Iddiens,oiddiens5b@go.com,Male,98.176.98.128
193,Vivien,Vicker,vvicker5c@ovh.net,Female,123.32.155.141
194,Kathryn,McKall,kmckall5d@tiny.cc,Female,171.90.138.163
195,Katti,Fleckney,kfleckney5e@nba.com,Female,179.221.118.76
196,Keith,Constant,kconstant5f@symantec.com,Male,128.87.255.109
197,Ardath,Brychan,abrychan5g@parallels.com,Genderqueer,32.139.37.132
198,Brandon,Dukes,bdukes5h@who.int,Male,255.200.35.27
199,Eddie,Ayres,eayres5i@ask.com,Female,94.50.126.234
200,Michelle,Wackett,mwackett5j@nasa.gov,Bigender,171.93.116.106
201,Nadya,Hammersley,nhammersley5k@cocolog-nifty.com,Female,33.159.74.140
202,Bernita,Stoop,bstoop5l@nationalgeographic.com,Female,1.156.209.237
203,Garry,Deny,gdeny5m@examiner.com,Male,99.182.133.18
204,Ardelis,Barnby,abarnby5n@tripod.com,Female,73.167.195.96
205,Darsie,Sweatman,dsweatman5o@nature.com,Polygender,176.157.99.250
206,Trix,Scotchmur,tscotchmur5p@arstechnica.com,Female,200.34.127.45
207,Tandie,Ravenshaw,travenshaw5q@mashable.com,Genderfluid,60.199.59.131
208,Maxine,Braley,mbraley5r@usa.gov,Female,173.244.152.141
209,Neall,Conachy,nconachy5s@hp.com,Male,120.144.158.166
210,Therine,Barstowk,tbarstowk5t@quantcast.com,Female,16.50.198.191
211,Mervin,Jelkes,mjelkes5u@yelp.com,Male,2.21.72.205
212,Merl,Ribbon,mribbon5v@usa.gov,Female,14.232.47.45
213,Ginny,Sivorn,gsivorn5w@weebly.com,Female,149.46.204.49
214,Belva,Upcott,bupcott5x@comsenz.com,Female,180.33.180.79
215,Bing,Fynan,bfynan5y@google.nl,Male,225.9.92.119
216,Garey,Nesfield,gnesfield5z@bravesites.com,Genderfluid,240.59.28.56
217,Linoel,Polotti,lpolotti60@merriam-webster.com,Male,50.128.111.98
218,Whitney,Hindmoor,whindmoor61@nhs.uk,Female,88.170.220.235
219,Thurstan,Crat,tcrat62@bloglovin.com,Male,170.148.61.22
220,Coriss,Airth,cairth63@xrea.com,Female,245.208.99.39
221,Eleanore,Frie,efrie64@flavors.me,Female,87.115.165.178
222,Tiphanie,Sabben,tsabben65@narod.ru,Female,246.78.158.38
223,Sig,Blackborn,sblackborn66@deviantart.com,Male,86.175.136.137
224,Esra,Lis,elis67@ovh.net,Male,103.250.185.74
225,Dianna,Joret,djoret68@examiner.com,Female,230.241.192.87
226,Gay,Pietroni,gpietroni69@sakura.ne.jp,Female,237.150.247.26
227,Devonne,Muggleston,dmuggleston6a@arizona.edu,Female,28.143.255.33
228,Claus,Pablos,cpablos6b@wikipedia.org,Male,189.163.150.231
229,Frederigo,Sichardt,fsichardt6c@ask.com,Male,143.250.249.109
230,Christyna,Kirkland,ckirkland6d@gizmodo.com,Female,181.15.60.219
231,Maximilianus,McGilbon,mmcgilbon6e@boston.com,Male,24.64.25.220
232,Cherie,Blatherwick,cblatherwick6f@china.com.cn,Female,145.86.250.67
233,Allistir,Watson,awatson6g@plala.or.jp,Polygender,94.117.175.66
234,Perri,Wardingly,pwardingly6h@amazonaws.com,Female,4.145.212.3
235,Eduardo,Atteridge,eatteridge6i@illinois.edu,Male,2.179.6.128
236,Juieta,Kerins,jkerins6j@friendfeed.com,Female,67.188.163.167
237,Frederic,Meconi,fmeconi6k@ihg.com,Male,104.199.151.151
238,Mab,Zimek,mzimek6l@sakura.ne.jp,Female,155.202.119.119
239,Rhodie,Lead,rlead6m@github.com,Female,54.142.236.126
240,Dunc,Sawood,dsawood6n@theguardian.com,Male,195.175.13.145
241,Christiano,Burling,cburling6o@meetup.com,Male,54.242.37.213
242,Samuele,Pawels,spawels6p@delicious.com,Male,20.106.181.186
243,Alayne,Spinks,aspinks6q@webeden.co.uk,Female,110.3.143.89
244,Filmer,Eustis,feustis6r@eepurl.com,Male,171.131.172.213
245,Timoteo,Sorrie,tsorrie6s@blogtalkradio.com,Male,197.252.151.84
246,Jsandye,McComiskie,jmccomiskie6t@fotki.com,Female,77.240.35.130
247,Caroljean,Maguire,cmaguire6u@netvibes.com,Female,7.209.202.197
248,Broddy,Raspel,braspel6v@nymag.com,Genderqueer,40.92.153.15
249,Carleen,Catto,ccatto6w@sina.com.cn,Female,75.82.191.107
250,Berenice,Barbie,bbarbie6x@163.com,Bigender,217.251.229.149
251,Alonzo,Slisby,aslisby6y@indiatimes.com,Male,217.230.163.93
252,Chalmers,Nickless,cnickless6z@lulu.com,Male,101.88.7.108
253,Chelsae,Lowndsbrough,clowndsbrough70@prnewswire.com,Female,81.3.191.159
254,Antons,Cowdery,acowdery71@hubpages.com,Male,148.249.49.131
255,Deborah,Minter,dminter72@independent.co.uk,Female,224.229.72.193
256,Justinian,McNevin,jmcnevin73@ehow.com,Male,65.88.177.253
257,Anabel,MacAvddy,amacavddy74@spotify.com,Female,39.50.231.26
258,Melony,Merrill,mmerrill75@simplemachines.org,Female,246.187.28.44
259,Shepperd,Cowern,scowern76@nationalgeographic.com,Male,139.95.191.130
260,Kaycee,Phear,kphear77@jugem.jp,Female,182.175.207.30
261,Chicky,Darko,cdarko78@ihg.com,Male,33.181.237.250
262,Ameline,Cargill,acargill79@ycombinator.com,Female,43.51.246.233
263,Gerry,De Clairmont,gdeclairmont7a@booking.com,Male,61.229.145.134
264,Karola,Tabard,ktabard7b@alexa.com,Polygender,98.108.57.211
265,Jule,Perrinchief,jperrinchief7c@yahoo.com,Agender,123.136.145.20
266,Shayne,Tokell,stokell7d@spotify.com,Male,2.169.192.243
267,Roselle,Grinin,rgrinin7e@microsoft.com,Female,88.11.55.37
268,Nerti,Stoyle,nstoyle7f@archive.org,Female,53.216.69.189
269,Brigid,Pickles,bpickles7g@hubpages.com,Female,75.45.137.208
270,Staffard,Medland,smedland7h@marriott.com,Male,210.200.253.201
271,Korey,Stading,kstading7i@google.com,Male,48.168.182.234
272,Marcelle,Barus,mbarus7j@ocn.ne.jp,Female,113.111.195.166
273,Aylmar,Lehrmann,alehrmann7k@accuweather.com,Male,49.36.12.14
274,Cornie,Kleinmann,ckleinmann7l@nhs.uk,Male,208.149.157.49
275,Hi,Georges,hgeorges7m@kickstarter.com,Male,80.190.132.198
276,Hamlin,Twyning,htwyning7n@example.com,Male,29.144.85.103
277,Anabel,O' Dooley,aodooley7o@mozilla.com,Female,157.238.8.98
278,Arlana,Birchenough,abirchenough7p@fastcompany.com,Female,69.104.80.35
279,Gregoire,Hulbert,ghulbert7q@merriam-webster.com,Male,243.49.80.30
280,Maureen,Marusik,mmarusik7r@naver.com,Agender,234.222.225.254
281,Phineas,Conant,pconant7s@ustream.tv,Male,84.226.92.117
282,Sabra,Gibson,sgibson7t@reuters.com,Genderqueer,43.22.158.123
283,Shani,Perillo,sperillo7u@marketwatch.com,Female,179.39.248.203
284,Alejandro,Cockton,acockton7v@acquirethisname.com,Male,179.212.171.157
285,Husein,Ross,hross7w@ed.gov,Male,159.255.2.162
286,Brigitta,Searl,bsearl7x@prweb.com,Female,92.152.84.126
287,Fedora,Kubczak,fkubczak7y@biblegateway.com,Female,95.173.228.41
288,Drusilla,Svanetti,dsvanetti7z@twitpic.com,Female,76.238.61.58
289,Chev,Seager,cseager80@webnode.com,Male,135.31.55.225
290,Mort,Ivison,mivison81@google.cn,Genderqueer,194.244.178.233
291,Leah,McClenaghan,lmcclenaghan82@tinyurl.com,Female,19.251.157.180
292,Barbara-anne,Baudry,bbaudry83@google.com,Female,94.249.201.1
293,Obie,Rubroe,orubroe84@cnn.com,Male,133.135.186.240
294,Sebastiano,Kingzet,skingzet85@mysql.com,Male,107.180.229.166
295,Kaleb,Pittman,kpittman86@jigsy.com,Male,245.32.206.46
296,Mirella,Yakunkin,myakunkin87@tiny.cc,Female,199.15.150.136
297,Park,Leall,pleall88@wordpress.com,Male,17.91.102.52
298,Maisie,Ferrarese,mferrarese89@cam.ac.uk,Female,142.77.254.247
299,Rose,Nare,rnare8a@lulu.com,Female,167.252.40.14
300,Artie,Acedo,aacedo8b@sfgate.com,Male,66.138.39.61
301,Kendell,Van Saltsberg,kvansaltsberg8c@domainmarket.com,Male,233.17.181.53
302,Benny,Barrand,bbarrand8d@tamu.edu,Male,211.62.178.80
303,Dallon,Betonia,dbetonia8e@blog.com,Male,147.173.191.79
304,Arnold,Kiddy,akiddy8f@irs.gov,Male,234.7.145.215
305,Merrilee,Kynvin,mkynvin8g@hibu.com,Female,177.136.176.55
306,Kermie,Sandercroft,ksandercroft8h@sakura.ne.jp,Male,112.187.41.248
307,Jada,Delleschi,jdelleschi8i@mashable.com,Female,10.75.222.122
308,Zane,Stephens,zstephens8j@accuweather.com,Male,165.41.153.67
309,Ashlin,Davidovic,adavidovic8k@time.com,Male,195.77.155.223
310,Lola,Meekin,lmeekin8l@ted.com,Female,158.121.133.148
311,Fae,Brownlee,fbrownlee8m@desdev.cn,Female,196.10.70.228
312,Adrienne,Folland,afolland8n@microsoft.com,Female,146.17.134.97
313,Mariellen,Duce,mduce8o@home.pl,Female,181.147.241.148
314,Florri,Brockie,fbrockie8p@gov.uk,Female,54.46.240.126
315,Rycca,Pigny,rpigny8q@webmd.com,Female,120.215.115.74
316,Dodi,Bulloch,dbulloch8r@usgs.gov,Female,15.159.184.77
317,Ruby,Nary,rnary8s@phpbb.com,Female,13.0.225.30
318,Domeniga,Calven,dcalven8t@paypal.com,Female,240.174.235.186
319,Crichton,Hallede,challede8u@pagesperso-orange.fr,Male,9.171.22.43
320,Morse,Wraighte,mwraighte8v@prnewswire.com,Male,20.213.140.247
321,Malia,Duigenan,mduigenan8w@topsy.com,Female,146.151.123.18
322,Merci,Bann,mbann8x@alibaba.com,Female,182.46.210.132
323,Tonie,Brozsset,tbrozsset8y@creativecommons.org,Female,139.17.19.166
324,Pauly,Cooper,pcooper8z@123-reg.co.uk,Male,28.206.17.230
325,Antoni,Bernth,abernth90@csmonitor.com,Male,98.138.5.220
326,Ferdinanda,Astling,fastling91@google.com.br,Female,81.246.253.73
327,Stacee,Skain,sskain92@de.vu,Genderqueer,146.94.230.202
328,Boyce,Saile,bsaile93@sciencedirect.com,Male,219.20.29.229
329,Stefania,Sturton,ssturton94@un.org,Female,224.132.98.82
330,Simmonds,Pinkett,spinkett95@aboutads.info,Male,162.72.136.204
331,Star,Danser,sdanser96@desdev.cn,Female,55.48.182.129
332,Meagan,Gentner,mgentner97@ted.com,Female,66.69.179.86
333,Flint,Wilber,fwilber98@list-manage.com,Male,171.63.178.253
334,Morse,Wabey,mwabey99@washington.edu,Male,244.224.223.57
335,Vi,Ianittello,vianittello9a@youtube.com,Female,51.166.158.105
336,Darb,Digwood,ddigwood9b@pinterest.com,Agender,168.187.76.138
337,Gino,Mate,gmate9c@goo.ne.jp,Male,143.205.149.183
338,Chicky,Bembrigg,cbembrigg9d@upenn.edu,Male,145.186.81.102
339,Oswald,Naper,onaper9e@skype.com,Male,81.246.96.238
340,Carmel,Haack,chaack9f@blog.com,Female,218.56.154.107
341,Malvina,Dyter,mdyter9g@wisc.edu,Polygender,251.117.250.113
342,Chester,Essel,cessel9h@java.com,Male,81.167.254.23
343,Jephthah,Aries,jaries9i@pbs.org,Male,129.212.223.105
344,Stanislaw,Northridge,snorthridge9j@lycos.com,Male,191.9.230.57
345,Jennifer,Yoxall,jyoxall9k@cloudflare.com,Female,31.28.163.71
346,Granville,Dorning,gdorning9l@yellowbook.com,Male,177.206.162.144
347,Krissie,Robel,krobel9m@nhs.uk,Female,223.3.71.0
348,Antonia,Isabell,aisabell9n@who.int,Female,223.244.212.84
349,Natty,Hurne,nhurne9o@gravatar.com,Male,9.75.240.208
350,Gustaf,Hyrons,ghyrons9p@so-net.ne.jp,Genderqueer,215.18.63.170
351,Gonzales,Darlison,gdarlison9q@house.gov,Male,108.217.38.212
352,Vic,Crozier,vcrozier9r@scribd.com,Male,254.4.34.157
353,Gisela,Girardin,ggirardin9s@tripadvisor.com,Female,226.114.72.236
354,Delcina,Kike,dkike9t@about.me,Female,78.181.79.250
355,Dannie,Searles,dsearles9u@blogtalkradio.com,Male,103.207.91.217
356,Noel,Hallgalley,nhallgalley9v@sourceforge.net,Bigender,125.144.106.233
357,Udale,Eaves,ueaves9w@woothemes.com,Male,249.64.43.12
358,Wolfy,Beecham,wbeecham9x@surveymonkey.com,Male,146.64.168.80
359,Briggs,Oglevie,boglevie9y@aboutads.info,Male,249.123.0.186
360,Agnese,Smorthit,asmorthit9z@topsy.com,Female,30.131.231.95
361,Augustina,Norvel,anorvela0@g.co,Female,159.79.18.236
362,Hildegarde,Pllu,hpllua1@hexun.com,Female,160.165.207.25
363,Eustace,Barkaway,ebarkawaya2@biblegateway.com,Male,214.185.28.196
364,Addy,Sisnett,asisnetta3@timesonline.co.uk,Female,68.83.255.84
365,Omar,Dranfield,odranfielda4@goo.gl,Male,242.109.90.144
366,Sadella,Van Dale,svandalea5@furl.net,Female,142.48.84.34
367,Clio,Fouracres,cfouracresa6@wikimedia.org,Female,107.157.84.29
368,Maddalena,Debney,mdebneya7@ovh.net,Female,198.226.49.28
369,Oralee,Danielli,odaniellia8@webmd.com,Female,155.6.174.164
370,Dene,Pollendine,dpollendinea9@shop-pro.jp,Male,185.194.167.169
371,Lannie,Davidovicz,ldavidoviczaa@omniture.com,Male,36.85.220.153
372,Kelbee,O' Ronan,koronanab@tuttocitta.it,Male,153.114.217.176
373,Pearla,Loton,plotonac@com.com,Female,166.13.45.96
374,Stuart,Parry,sparryad@skype.com,Male,59.158.220.60
375,Percival,Syrett,psyrettae@ask.com,Male,103.134.159.194
376,Aubrey,Cantu,acantuaf@newsvine.com,Male,234.229.80.40
377,Sarah,Dechelle,sdechelleag@scientificamerican.com,Female,45.245.186.64
378,Anita,Lewinton,alewintonah@telegraph.co.uk,Female,122.36.49.190
379,Tommi,Mechell,tmechellai@msn.com,Female,137.130.158.40
380,Alvina,Tevelov,atevelovaj@edublogs.org,Female,253.54.247.104
381,Daryl,Mandy,dmandyak@amazon.com,Male,42.55.31.171
382,Susanna,Varney,svarneyal@behance.net,Female,85.23.161.176
383,Dionne,Rumsey,drumseyam@xrea.com,Female,105.86.47.97
384,Vasilis,Gansbuhler,vgansbuhleran@gizmodo.com,Male,8.138.191.164
385,Gwendolin,Budgey,gbudgeyao@reverbnation.com,Female,207.104.220.66
386,Gwenneth,Jurca,gjurcaap@merriam-webster.com,Female,164.134.134.43
387,Karoly,McTague,kmctagueaq@usnews.com,Male,149.188.78.58
388,Georges,Fasson,gfassonar@vinaora.com,Non-binary,155.244.143.129
389,Gunter,Jestico,gjesticoas@typepad.com,Male,23.52.242.87
390,Joete,Menat,jmenatat@unicef.org,Female,239.58.229.69
391,Loutitia,Simoncello,lsimoncelloau@pagesperso-orange.fr,Female,12.218.186.104
392,Gustavo,Gouldstraw,ggouldstrawav@cbc.ca,Male,161.95.127.53
393,Selena,Alkins,salkinsaw@ihg.com,Female,150.188.68.118
394,Joshia,Padgham,jpadghamax@exblog.jp,Male,167.124.113.213
395,Hildy,Menichelli,hmenichelliay@sina.com.cn,Female,82.91.200.216
396,Jackelyn,Leport,jleportaz@tripadvisor.com,Female,26.242.40.64
397,Danya,Collicott,dcollicottb0@mayoclinic.com,Female,178.188.43.185
398,Godfree,Eastup,geastupb1@comcast.net,Male,68.242.40.69
399,Lorrie,Housbie,lhousbieb2@gnu.org,Female,26.82.73.189
400,Fee,Headington,fheadingtonb3@answers.com,Male,3.187.146.55
401,Joyous,Kingman,jkingmanb4@ucsd.edu,Female,48.79.126.171
402,Aviva,Abbate,aabbateb5@harvard.edu,Female,5.110.169.196
403,Neall,Geator,ngeatorb6@bbb.org,Male,102.128.158.112
404,Evvie,Wooder,ewooderb7@163.com,Female,103.176.217.103
405,Brockie,Waything,bwaythingb8@cpanel.net,Male,147.73.39.83
406,Samantha,Corrado,scorradob9@patch.com,Female,11.119.2.54
407,Maddalena,Rizzillo,mrizzilloba@bbc.co.uk,Female,152.181.124.79
408,Rodi,Bullant,rbullantbb@statcounter.com,Female,113.104.187.124
409,Nicolis,Ragdale,nragdalebc@yale.edu,Polygender,27.175.73.227
410,Samaria,Tolumello,stolumellobd@wufoo.com,Non-binary,232.59.38.150
411,Catie,Pepin,cpepinbe@aboutads.info,Bigender,11.120.242.243
412,Lucias,Gery,lgerybf@spiegel.de,Male,67.63.58.160
413,Dannie,Layzell,dlayzellbg@nyu.edu,Female,206.97.203.52
414,Udale,Squirrell,usquirrellbh@artisteer.com,Male,215.255.73.52
415,Ravi,Semon,rsemonbi@devhub.com,Male,164.59.198.112
416,Sean,Strelitz,sstrelitzbj@biglobe.ne.jp,Female,11.141.55.208
417,Abraham,Gadd,agaddbk@bandcamp.com,Male,188.203.83.23
418,Jillene,Longcaster,jlongcasterbl@wufoo.com,Female,40.195.67.14
419,Creight,Davidovics,cdavidovicsbm@smugmug.com,Male,74.243.113.44
420,Evelyn,Arenson,earensonbn@themeforest.net,Female,98.30.218.161
421,Rasla,Rowles,rrowlesbo@buzzfeed.com,Female,30.35.41.147
422,Annabella,Garey,agareybp@java.com,Female,230.162.124.77
423,Sheilah,Catterill,scatterillbq@forbes.com,Female,31.223.36.60
424,Abbey,Stryde,astrydebr@indiegogo.com,Female,44.31.9.187
425,Silvanus,Firk,sfirkbs@goodreads.com,Male,175.158.5.36
426,Mirelle,Bendare,mbendarebt@google.cn,Female,162.133.23.214
427,Kingsley,Murrell,kmurrellbu@illinois.edu,Male,215.49.194.91
428,Esra,Swanne,eswannebv@webmd.com,Male,115.173.176.124
429,Meriel,Spurritt,mspurrittbw@symantec.com,Female,69.11.84.196
430,Randi,Wickey,rwickeybx@pen.io,Female,227.48.183.134
431,Randy,Breddy,rbreddyby@google.com.au,Male,238.193.155.24
432,Monique,Ganley,mganleybz@etsy.com,Female,38.22.109.47
433,Blanch,Clawe,bclawec0@mapquest.com,Female,37.214.64.1
434,Conan,Fragino,cfraginoc1@mayoclinic.com,Male,97.23.56.95
435,Sig,McQuorkel,smcquorkelc2@soundcloud.com,Male,56.101.7.108
436,Freddie,Bruggeman,fbruggemanc3@canalblog.com,Female,191.35.250.194
437,Shaw,Abrahams,sabrahamsc4@typepad.com,Male,67.53.138.243
438,Pavia,Djekic,pdjekicc5@utexas.edu,Female,79.110.13.35
439,Karlene,Torricina,ktorricinac6@fema.gov,Female,43.182.20.219
440,Fair,Brims,fbrimsc7@house.gov,Male,185.65.134.165
441,Rivkah,Lambarth,rlambarthc8@bigcartel.com,Female,63.54.83.59
442,Henrieta,Arnaudot,harnaudotc9@baidu.com,Female,215.67.66.197
443,Germaine,Proudley,gproudleyca@blogspot.com,Female,70.174.72.255
444,Helli,Melmoth,hmelmothcb@upenn.edu,Female,72.32.33.87
445,Roderich,Guilayn,rguilayncc@upenn.edu,Genderfluid,109.133.141.220
446,Orazio,Huccaby,ohuccabycd@tmall.com,Male,63.119.113.104
447,Tan,Moyler,tmoylerce@fc2.com,Male,152.126.127.52
448,Norri,Bardwell,nbardwellcf@house.gov,Female,36.131.99.248
449,Afton,Van de Vlies,avandevliescg@buzzfeed.com,Female,78.34.232.18
450,Mathew,Caulwell,mcaulwellch@google.ru,Male,161.67.37.220
451,Trescha,Tatlow,ttatlowci@skyrock.com,Female,2.253.182.185
452,Melinde,Bottomer,mbottomercj@ebay.co.uk,Female,143.43.65.247
453,Barbi,Belchamber,bbelchamberck@acquirethisname.com,Female,76.184.177.117
454,Sloane,Hefferan,shefferancl@amazon.com,Male,45.161.54.131
455,Vachel,Gossington,vgossingtoncm@myspace.com,Male,157.222.249.222
456,Holly,Chimenti,hchimenticn@salon.com,Non-binary,93.3.238.173
457,Frazer,Flowers,fflowersco@domainmarket.com,Male,211.35.188.107
458,Tatum,Dearell,tdearellcp@infoseek.co.jp,Female,62.208.183.74
459,Ashbey,Cubberley,acubberleycq@a8.net,Male,11.158.208.52
460,Orville,Dreghorn,odreghorncr@marriott.com,Male,30.82.180.239
461,Wendye,Simakov,wsimakovcs@marketwatch.com,Female,156.182.32.23
462,Lari,Yearns,lyearnsct@yahoo.co.jp,Female,43.16.69.4
463,Leicester,Carney,lcarneycu@soundcloud.com,Male,81.198.247.111
464,Galvin,Ben,gbencv@blinklist.com,Male,69.205.188.141
465,Cort,Alvis,calviscw@columbia.edu,Male,115.72.0.93
466,Alexio,Mitskevich,amitskevichcx@ovh.net,Male,83.53.137.181
467,Kimbell,Westrope,kwestropecy@time.com,Male,7.215.18.132
468,Der,Diviny,ddivinycz@infoseek.co.jp,Male,128.127.184.108
469,Deana,Sendall,dsendalld0@utexas.edu,Female,134.4.11.71
470,Jill,Skoyles,jskoylesd1@tumblr.com,Female,146.87.103.81
471,Crystie,De Giorgio,cdegiorgiod2@ucoz.com,Female,81.56.100.104
472,Dorena,Montez,dmontezd3@comsenz.com,Polygender,143.218.163.253
473,Marie,Hayto,mhaytod4@topsy.com,Female,15.227.87.26
474,Andria,Poon,apoond5@wix.com,Female,197.216.134.84
475,Cacilie,Tather,ctatherd6@patch.com,Female,95.236.243.9
476,Jose,Duffus,jduffusd7@soundcloud.com,Male,117.67.146.110
477,Parke,Sharphouse,psharphoused8@baidu.com,Male,152.156.86.112
478,Arlena,Fraine,afrained9@wordpress.org,Female,182.230.212.9
479,Nealon,Oldroyde,noldroydeda@go.com,Male,41.214.122.211
480,Noel,Dunster,ndunsterdb@bloglines.com,Male,185.195.207.8
481,Carmina,Milmoe,cmilmoedc@biglobe.ne.jp,Female,244.124.154.255
482,Donal,McClenaghan,dmcclenaghandd@sciencedaily.com,Male,57.60.199.49
483,Salvidor,Ram,sramde@tripadvisor.com,Male,47.218.68.144
484,Jennee,Blois,jbloisdf@barnesandnoble.com,Female,3.228.138.215
485,Louisa,Mowbury,lmowburydg@instagram.com,Female,109.51.189.119
486,Hanson,Basnall,hbasnalldh@themeforest.net,Male,177.139.122.70
487,Gabrila,Naulty,gnaultydi@yahoo.com,Female,126.58.252.159
488,Alix,Hyams,ahyamsdj@ted.com,Male,136.147.13.24
489,Kerry,Rosencrantz,krosencrantzdk@un.org,Female,138.204.195.212
490,Nickey,Honatsch,nhonatschdl@cloudflare.com,Male,173.209.66.217
491,Hamel,O'Dunniom,hodunniomdm@bbb.org,Male,48.59.39.247
492,Cybil,Laurent,claurentdn@columbia.edu,Female,185.153.224.127
493,Warren,Sleeford,wsleeforddo@quantcast.com,Male,25.255.82.67
494,Kata,Torrijos,ktorrijosdp@howstuffworks.com,Female,216.108.3.236
495,Randa,Trim,rtrimdq@princeton.edu,Female,214.244.129.45
496,Marshall,Cheater,mcheaterdr@newsvine.com,Male,79.109.67.78
497,Briggs,Firle,bfirleds@dmoz.org,Male,99.251.20.238
498,Shayne,Shepeard,sshepearddt@cocolog-nifty.com,Female,114.9.157.52
499,Cherianne,Fillis,cfillisdu@google.de,Female,114.190.246.216
500,Nial,Petrakov,npetrakovdv@unesco.org,Male,30.116.173.165
501,Hewie,Chatenet,hchatenetdw@slashdot.org,Male,134.136.30.0
502,Jazmin,Fattore,jfattoredx@cbc.ca,Female,128.93.206.58
503,Dolley,Murtimer,dmurtimerdy@samsung.com,Polygender,207.76.51.9
504,Olive,Rumney,orumneydz@time.com,Female,113.62.44.58
505,Wash,Colquete,wcolquetee0@dailymail.co.uk,Genderfluid,236.167.77.154
506,Ivonne,Grafton,igraftone1@mail.ru,Female,208.130.138.218
507,Jehu,Cossans,jcossanse2@hao123.com,Male,109.125.84.46
508,Gasparo,Askam,gaskame3@noaa.gov,Male,20.116.41.216
509,Kathleen,Gilhooly,kgilhoolye4@eepurl.com,Female,43.77.155.77
510,Aaren,De Rechter,aderechtere5@over-blog.com,Female,216.197.181.236
511,Cinderella,Rowling,crowlinge6@plala.or.jp,Female,145.220.238.150
512,Meghann,Letten,mlettene7@quantcast.com,Female,163.130.117.94
513,Linnet,Dickings,ldickingse8@technorati.com,Female,53.25.177.210
514,Dicky,Suttle,dsuttlee9@prlog.org,Male,161.68.117.237
515,Magdalen,Rodenburgh,mrodenburghea@amazon.com,Female,53.168.23.39
516,Jeremie,Kilfether,jkilfethereb@domainmarket.com,Male,224.129.112.98
517,Dani,Masurel,dmasurelec@seesaa.net,Female,5.178.238.140
518,Corny,Twentyman,ctwentymaned@vk.com,Female,66.199.144.58
519,Shellie,Roddell,sroddellee@tamu.edu,Female,243.246.41.146
520,Blisse,Gilford,bgilfordef@merriam-webster.com,Female,167.213.95.100
521,Maggee,Goning,mgoningeg@house.gov,Female,118.124.163.28
522,Gerrilee,Ransome,gransomeeh@wsj.com,Female,71.4.94.84
523,Margaret,Dukelow,mdukelowei@ask.com,Female,120.216.233.108
524,Isadore,Goldstone,igoldstoneej@cbsnews.com,Male,39.70.40.9
525,Ruth,Sinnett,rsinnettek@themeforest.net,Female,212.155.109.42
526,Barri,Shaughnessy,bshaughnessyel@ifeng.com,Male,98.157.39.39
527,Blakelee,Toffoletto,btoffolettoem@cnet.com,Female,251.236.239.28
528,Shane,Abrahamian,sabrahamianen@cisco.com,Female,238.4.242.230
529,Maurizia,Kalvin,mkalvineo@shutterfly.com,Female,7.218.240.165
530,Arney,Pavey,apaveyep@nps.gov,Male,192.248.6.182
531,Janos,Murrigan,jmurriganeq@princeton.edu,Male,45.26.28.34
532,Andonis,Yakuntzov,ayakuntzover@shutterfly.com,Male,200.46.169.111
533,Derrick,Michel,dmicheles@xinhuanet.com,Male,53.102.32.48
534,Merwyn,Creaser,mcreaseret@e-recht24.de,Male,209.184.243.97
535,Virginia,Leah,vleaheu@marriott.com,Genderfluid,191.108.20.145
536,Bordy,Rawlin,brawlinev@dmoz.org,Male,183.249.155.96
537,Briant,Prosser,bprosserew@sphinn.com,Male,7.220.84.171
538,Bobbette,Daine,bdaineex@wiley.com,Female,99.163.97.84
539,Virge,Littrick,vlittrickey@ft.com,Male,29.116.219.0
540,Salim,Vignal,svignalez@webeden.co.uk,Non-binary,196.232.161.155
541,Farlee,Lindell,flindellf0@ask.com,Male,170.27.103.213
542,Halimeda,Hamby,hhambyf1@delicious.com,Female,121.224.14.33
543,Drucie,Stuchberry,dstuchberryf2@123-reg.co.uk,Female,194.206.254.19
544,Roshelle,Messent,rmessentf3@intel.com,Agender,10.187.107.40
545,Modestia,Blanket,mblanketf4@bloglines.com,Female,168.222.130.97
546,Denney,De la Feld,ddelafeldf5@chicagotribune.com,Non-binary,55.11.171.98
547,Cart,Riach,criachf6@who.int,Male,147.250.105.91
548,Heddi,Pitway,hpitwayf7@artisteer.com,Female,232.141.181.115
549,Freddy,Bletsor,fbletsorf8@java.com,Male,167.151.143.125
550,Worth,Chandlar,wchandlarf9@moonfruit.com,Male,136.191.238.147
551,Chrisse,Grcic,cgrcicfa@booking.com,Male,116.163.209.205
552,Pooh,Darlow,pdarlowfb@ucsd.edu,Male,107.120.184.182
553,Timothee,Napper,tnapperfc@nba.com,Male,206.91.47.20
554,Fabien,Ainsley,fainsleyfd@jiathis.com,Male,137.190.23.168
555,Dita,Poolton,dpooltonfe@nationalgeographic.com,Female,129.178.27.80
556,Sonya,Keast,skeastff@unblog.fr,Female,1.241.161.162
557,Lidia,Offer,lofferfg@printfriendly.com,Female,71.95.97.155
558,Jacky,Lomb,jlombfh@meetup.com,Male,22.185.28.60
559,Paule,Goligher,pgoligherfi@opera.com,Female,229.148.212.38
560,Hobard,Caesar,hcaesarfj@newsvine.com,Male,197.171.116.3
561,Eugene,Bollard,ebollardfk@youku.com,Male,85.5.248.120
562,Nahum,Somerfield,nsomerfieldfl@ed.gov,Male,206.206.89.239
563,Liva,Brantl,lbrantlfm@ow.ly,Non-binary,177.40.244.113
564,Katharyn,Stabler,kstablerfn@forbes.com,Female,72.137.254.69
565,Elijah,Kineton,ekinetonfo@netscape.com,Male,191.59.235.170
566,Branden,Tunesi,btunesifp@angelfire.com,Bigender,90.158.12.246
567,Dalli,Diess,ddiessfq@fc2.com,Male,49.174.136.116
568,Betteann,Fennessy,bfennessyfr@unc.edu,Female,149.120.24.216
569,Casper,Woodward,cwoodwardfs@jiathis.com,Non-binary,196.133.104.91
570,Margaretha,Castille,mcastilleft@sciencedirect.com,Female,238.161.81.229
571,Mariya,MacAfee,mmacafeefu@amazon.de,Genderfluid,67.185.16.224
572,Holly,Bitten,hbittenfv@reverbnation.com,Male,185.23.101.21
573,Brady,Duckit,bduckitfw@squidoo.com,Male,46.99.245.9
574,Vergil,Sell,vsellfx@freewebs.com,Male,2.29.180.205
575,Halsy,Gronaller,hgronallerfy@mashable.com,Male,55.22.222.85
576,Verna,Birdseye,vbirdseyefz@unblog.fr,Female,130.148.176.97
577,Georg,Avrahamof,gavrahamofg0@google.de,Male,160.80.56.193
578,Lucian,Lattos,llattosg1@gmpg.org,Male,104.85.84.86
579,Claudia,Iacopini,ciacopinig2@bloglines.com,Female,130.238.154.5
580,Kirbee,Cothey,kcotheyg3@studiopress.com,Female,103.172.16.153
581,Franky,Feore,ffeoreg4@ca.gov,Female,149.153.207.250
582,Laryssa,Thundercliffe,lthundercliffeg5@vk.com,Female,123.34.159.36
583,Nickie,Wagner,nwagnerg6@list-manage.com,Male,88.68.186.240
584,Adrianne,Egel,aegelg7@sohu.com,Female,245.225.24.92
585,Jacinta,Ligoe,jligoeg8@imageshack.us,Female,236.248.11.22
586,Consuelo,Fingleton,cfingletong9@house.gov,Female,208.150.227.162
587,Hayes,Newnham,hnewnhamga@wordpress.com,Male,228.95.83.157
588,Gayla,MacGahey,gmacgaheygb@cbsnews.com,Female,196.202.177.77
589,Teodor,Simmell,tsimmellgc@nifty.com,Male,100.102.108.87
590,Lindy,Spurling,lspurlinggd@bloglovin.com,Male,136.163.144.174
591,Blanche,Fassan,bfassange@histats.com,Non-binary,34.113.137.35
592,Daren,Darnborough,ddarnboroughgf@imgur.com,Male,95.134.242.72
593,Carl,Simkin,csimkingg@shinystat.com,Genderfluid,146.36.141.155
594,Crin,Flageul,cflageulgh@paginegialle.it,Polygender,254.15.152.168
595,Shandeigh,MacCallam,smaccallamgi@amazon.co.jp,Female,48.64.153.99
596,Alfons,Hodgon,ahodgongj@theguardian.com,Agender,63.180.127.237
597,Moreen,Dono,mdonogk@reddit.com,Female,87.95.60.123
598,Gonzalo,Demangel,gdemangelgl@mysql.com,Male,70.7.227.226
599,Truda,Yirrell,tyirrellgm@noaa.gov,Female,63.52.171.231
600,Kelley,Cardenosa,kcardenosagn@themeforest.net,Polygender,70.130.60.8
601,Merl,Smitheram,msmitheramgo@hhs.gov,Female,145.38.130.117
602,Alberta,Lambrick,alambrickgp@ycombinator.com,Female,229.92.92.54
603,Shermie,Swinney,sswinneygq@meetup.com,Male,90.204.7.204
604,Lolly,Duly,ldulygr@msn.com,Non-binary,87.198.101.45
605,Deonne,Whitefoot,dwhitefootgs@stumbleupon.com,Female,237.36.185.63
606,Kessia,Staneland,kstanelandgt@nyu.edu,Female,174.226.202.39
607,Rustie,Kingcott,rkingcottgu@vkontakte.ru,Male,207.220.90.168
608,Kipp,Liccardi,kliccardigv@bigcartel.com,Female,220.142.127.107
609,Darline,Dinley,ddinleygw@domainmarket.com,Female,104.82.164.86
610,Leora,McGaugan,lmcgaugangx@noaa.gov,Polygender,168.200.154.6
611,Else,Maciunas,emaciunasgy@linkedin.com,Female,146.62.40.177
612,Juan,Brucker,jbruckergz@va.gov,Male,85.61.144.192
613,Dru,Rowbotham,drowbothamh0@about.me,Male,20.135.18.210
614,Alan,Scoffins,ascoffinsh1@google.de,Male,7.33.202.73
615,Janna,Adger,jadgerh2@npr.org,Bigender,200.44.87.239
616,Anton,MacCartney,amaccartneyh3@nyu.edu,Male,133.164.145.219
617,Kelly,Jessen,kjessenh4@admin.ch,Male,20.187.71.171
618,Chrissie,Offer,cofferh5@slashdot.org,Female,124.4.178.169
619,Elliot,Eathorne,eeathorneh6@themeforest.net,Male,223.235.246.12
620,Minnaminnie,Kinnier,mkinnierh7@hhs.gov,Female,86.179.23.56
621,Elmer,McRobb,emcrobbh8@yahoo.co.jp,Male,68.149.85.121
622,Tiebout,Vaun,tvaunh9@vk.com,Male,116.189.218.135
623,Tracey,Womersley,twomersleyha@fc2.com,Genderqueer,109.219.42.212
624,Edy,Ludl,eludlhb@privacy.gov.au,Female,199.22.206.247
625,Ozzie,Terry,oterryhc@eventbrite.com,Male,46.194.230.229
626,Janice,Chapman,jchapmanhd@deviantart.com,Female,149.127.214.218
627,Gil,Baldi,gbaldihe@accuweather.com,Bigender,213.127.160.73
628,Cheryl,Heddan,cheddanhf@clickbank.net,Polygender,66.41.85.208
629,Kurt,Goede,kgoedehg@imgur.com,Male,97.125.47.211
630,Felike,Jenteau,fjenteauhh@ucla.edu,Male,16.101.225.193
631,Raff,Allright,rallrighthi@irs.gov,Male,128.30.111.84
632,Esther,Trillow,etrillowhj@wikimedia.org,Female,58.121.251.72
633,Gordon,Beaston,gbeastonhk@umn.edu,Male,74.222.31.201
634,Thorpe,Jorge,tjorgehl@dropbox.com,Male,22.159.237.155
635,Muhammad,Maddyson,mmaddysonhm@artisteer.com,Male,163.214.200.173
636,Reinaldo,Saunier,rsaunierhn@i2i.jp,Male,161.122.226.247
637,Elisa,Skilling,eskillingho@sciencedirect.com,Female,248.57.173.148
638,Golda,Stood,gstoodhp@ifeng.com,Female,177.219.189.81
639,Gran,Greveson,ggrevesonhq@gov.uk,Male,46.246.209.188
640,Aggie,Arpin,aarpinhr@nytimes.com,Polygender,230.252.5.210
641,Samson,Jedrychowski,sjedrychowskihs@tinyurl.com,Male,76.206.157.201
642,Anett,Prazer,aprazerht@ucoz.com,Female,249.120.93.11
643,Lawton,Shannahan,lshannahanhu@symantec.com,Male,2.58.210.74
644,Fancie,Earry,fearryhv@whitehouse.gov,Female,34.241.200.131
645,Berk,Axelby,baxelbyhw@privacy.gov.au,Male,206.58.116.196
646,Maximilianus,Texton,mtextonhx@netscape.com,Male,158.212.71.35
647,Mathilda,Kilmister,mkilmisterhy@hibu.com,Female,147.74.64.201
648,Sholom,Trimming,strimminghz@usa.gov,Male,133.106.2.251
649,Coleen,Earry,cearryi0@jalbum.net,Female,171.149.198.190
650,Franky,Hurnell,fhurnelli1@europa.eu,Male,224.39.5.185
651,Price,Madoc-Jones,pmadocjonesi2@seesaa.net,Male,41.13.94.42
652,Levin,Lewerenz,llewerenzi3@nydailynews.com,Male,8.66.209.67
653,Marwin,Pitkaithly,mpitkaithlyi4@harvard.edu,Male,189.200.130.67
654,Clyde,Rosgen,crosgeni5@java.com,Male,183.242.154.35
655,Leodora,McGow,lmcgowi6@army.mil,Female,237.71.206.34
656,Ganny,Birth,gbirthi7@prweb.com,Male,208.17.13.36
657,Kirby,Sherwill,ksherwilli8@tripadvisor.com,Female,55.190.244.29
658,Cobbie,Eburne,ceburnei9@360.cn,Male,99.118.196.239
659,Devi,Illidge,dillidgeia@tiny.cc,Female,101.131.100.155
660,Findlay,Arthars,fartharsib@patch.com,Male,120.178.62.37
661,Melina,Inman,minmanic@smugmug.com,Female,254.137.75.14
662,Katha,Partington,kpartingtonid@mashable.com,Female,166.176.141.170
663,Mariele,Crasswell,mcrasswellie@miibeian.gov.cn,Female,173.140.54.253
664,Larisa,Somner,lsomnerif@deviantart.com,Female,14.192.103.33
665,Lefty,Dines,ldinesig@over-blog.com,Male,124.85.5.113
666,Gannon,Mander,gmanderih@kickstarter.com,Male,117.59.208.126
667,Salomone,Nobriga,snobrigaii@indiegogo.com,Male,50.68.181.30
668,Daisie,Rix,drixij@google.com.br,Female,187.240.168.76
669,Regine,Impy,rimpyik@plala.or.jp,Female,24.244.224.144
670,Georgie,Winsor,gwinsoril@photobucket.com,Male,180.63.187.129
671,Steffi,Huster,shusterim@vk.com,Female,185.119.119.143
672,Rodger,Rummin,rrumminin@dropbox.com,Genderfluid,18.154.115.188
673,Taffy,Batty,tbattyio@fc2.com,Female,38.52.215.179
674,Ferrell,Ciottoi,fciottoiip@miibeian.gov.cn,Male,24.146.26.216
675,Corrie,Garfirth,cgarfirthiq@friendfeed.com,Male,93.164.193.103
676,Almeria,Ethridge,aethridgeir@buzzfeed.com,Female,58.232.6.50
677,Pamelina,Lehrian,plehrianis@globo.com,Female,40.60.107.217
678,Talbert,Manwell,tmanwellit@who.int,Male,113.22.78.39
679,Hartwell,Tellenbrok,htellenbrokiu@engadget.com,Male,233.199.227.24
680,Maybelle,Turnpenny,mturnpennyiv@mapy.cz,Female,215.30.241.3
681,Marybeth,Paskell,mpaskelliw@spiegel.de,Female,240.246.124.3
682,Nicholas,Navaro,nnavaroix@dailymail.co.uk,Male,41.146.108.161
683,Valli,Elphee,velpheeiy@mapy.cz,Female,121.144.43.165
684,Natal,McIlvoray,nmcilvorayiz@squarespace.com,Male,209.202.220.3
685,Roslyn,Leatt,rleattj0@lulu.com,Non-binary,70.227.142.181
686,Chuck,Lamberti,clambertij1@infoseek.co.jp,Male,42.74.251.175
687,Jarad,Probbing,jprobbingj2@slate.com,Male,228.48.213.37
688,Flinn,Fazzioli,ffazziolij3@bizjournals.com,Male,254.73.179.39
689,Amerigo,Whapham,awhaphamj4@fastcompany.com,Male,98.228.237.175
690,Ransell,Blowes,rblowesj5@comcast.net,Male,26.31.55.119
691,Georgeta,Heddan,gheddanj6@163.com,Genderqueer,248.214.165.225
692,Madge,Hadfield,mhadfieldj7@tinyurl.com,Female,110.207.119.137
693,Britni,Pagin,bpaginj8@cnn.com,Female,1.8.221.22
694,Cara,Blezard,cblezardj9@walmart.com,Female,8.239.52.128
695,Rosalia,Mattessen,rmattessenja@goo.gl,Female,190.143.149.228
696,Morgan,Strodder,mstrodderjb@flickr.com,Male,15.178.68.8
697,Channa,Baskwell,cbaskwelljc@ed.gov,Female,238.53.14.234
698,Nancee,Gawke,ngawkejd@google.es,Female,175.105.174.38
699,Laraine,Gidden,lgiddenje@marriott.com,Female,177.27.161.254
700,Bendicty,Horsefield,bhorsefieldjf@wp.com,Bigender,34.134.92.132
701,Boote,MacIlhagga,bmacilhaggajg@behance.net,Male,84.103.121.32
702,Lorry,Borsnall,lborsnalljh@homestead.com,Female,75.179.134.44
703,Carl,Mobbs,cmobbsji@cisco.com,Male,36.137.157.130
704,Doria,Dresche,ddreschejj@unicef.org,Female,210.99.139.91
705,Archambault,Gold,agoldjk@wp.com,Male,184.104.115.135
706,Duff,Sample,dsamplejl@army.mil,Male,53.170.150.200
707,Misti,Brooksby,mbrooksbyjm@rediff.com,Polygender,7.189.167.3
708,Malinde,Creech,mcreechjn@biblegateway.com,Polygender,138.170.169.83
709,Sallie,Achurch,sachurchjo@ucla.edu,Female,159.245.202.232
710,Elaina,Badcock,ebadcockjp@vk.com,Female,136.87.90.211
711,Julius,Binham,jbinhamjq@hp.com,Male,134.21.68.21
712,Ryon,Lantaff,rlantaffjr@miibeian.gov.cn,Male,0.217.33.110
713,Zaneta,Fasse,zfassejs@ezinearticles.com,Female,243.151.7.177
714,Sarine,McEntee,smcenteejt@de.vu,Female,34.233.211.38
715,Jenine,Prinne,jprinneju@nifty.com,Female,24.105.93.12
716,Thorpe,Pavek,tpavekjv@oakley.com,Male,69.189.153.24
717,Farra,Bamb,fbambjw@storify.com,Female,252.156.165.139
718,Hodge,Doughty,hdoughtyjx@issuu.com,Male,27.165.159.227
719,Starlene,Kirk,skirkjy@wired.com,Female,9.72.168.4
720,Thorvald,Janikowski,tjanikowskijz@microsoft.com,Male,44.21.149.5
721,Phil,Scawn,pscawnk0@photobucket.com,Male,46.233.255.180
722,Winthrop,Collimore,wcollimorek1@pagesperso-orange.fr,Male,58.78.144.148
723,Dominick,Painten,dpaintenk2@cbc.ca,Male,197.111.62.141
724,Berkly,Slora,bslorak3@wiley.com,Male,226.176.0.148
725,Mag,Ramelet,mrameletk4@clickbank.net,Female,128.136.149.15
726,Nilson,Wearn,nwearnk5@1und1.de,Male,70.151.185.132
727,Drucill,Spurway,dspurwayk6@angelfire.com,Female,54.28.254.43
728,Zondra,Bletsor,zbletsork7@umich.edu,Female,56.73.232.234
729,Hastings,Copello,hcopellok8@adobe.com,Male,246.146.115.28
730,Diane-marie,Shapcott,dshapcottk9@altervista.org,Female,184.51.76.87
731,Iosep,Mangeney,imangeneyka@opera.com,Male,201.181.20.219
732,Donnie,Worms,dwormskb@ebay.co.uk,Female,53.100.121.87
733,Rhetta,Grishagin,rgrishaginkc@hibu.com,Non-binary,25.2.178.108
734,Reamonn,Kenrack,rkenrackkd@independent.co.uk,Male,112.68.5.45
735,Lazare,Cham,lchamke@reuters.com,Male,156.185.250.10
736,Bat,Romao,bromaokf@forbes.com,Male,30.160.71.24
737,Toma,Tolotti,ttolottikg@theatlantic.com,Female,193.153.193.66
738,Amalle,Prestney,aprestneykh@shinystat.com,Female,97.176.32.192
739,Breena,Fermin,bferminki@feedburner.com,Female,156.88.7.205
740,Pierrette,Baudinelli,pbaudinellikj@domainmarket.com,Female,167.171.111.208
741,Valeria,Cammell,vcammellkk@free.fr,Female,248.69.48.8
742,Fitzgerald,Fallows,ffallowskl@ebay.com,Male,240.163.191.195
743,Rudie,Gue,rguekm@auda.org.au,Male,254.116.158.173
744,Stella,Girsch,sgirschkn@weebly.com,Female,246.79.215.47
745,Evyn,Symmons,esymmonsko@google.cn,Male,148.173.98.130
746,Melisent,De Vere,mdeverekp@pbs.org,Female,241.56.151.21
747,Hendrika,Cleminshaw,hcleminshawkq@usa.gov,Female,135.163.176.197
748,Marabel,Seilmann,mseilmannkr@discuz.net,Female,85.53.93.29
749,Kellby,Ceresa,kceresaks@newyorker.com,Male,245.252.21.95
750,Marieann,Avramov,mavramovkt@uol.com.br,Female,26.38.138.218
751,Lazare,Rembaud,lrembaudku@jiathis.com,Male,239.143.116.35
752,Joachim,Choke,jchokekv@vkontakte.ru,Male,5.92.166.254
753,Gillie,Bursnoll,gbursnollkw@businessinsider.com,Female,157.218.211.205
754,Lorrie,McAdam,lmcadamkx@twitpic.com,Female,99.255.119.230
755,Cathe,Siburn,csiburnky@foxnews.com,Female,220.195.64.151
756,El,Sirmon,esirmonkz@washingtonpost.com,Male,231.231.164.116
757,Feodor,Boake,fboakel0@people.com.cn,Male,32.198.202.55
758,Walliw,Barribal,wbarriball1@sakura.ne.jp,Female,209.188.173.72
759,Kristoffer,Foli,kfolil2@histats.com,Male,10.162.181.208
760,Cazzie,Pelz,cpelzl3@java.com,Male,203.107.99.128
761,Xaviera,Incogna,xincognal4@census.gov,Female,233.92.195.226
762,Annadiane,Berisford,aberisfordl5@altervista.org,Female,236.125.1.89
763,Baxie,Birk,bbirkl6@eventbrite.com,Male,228.17.180.86
764,Hercules,Spykings,hspykingsl7@wp.com,Male,113.85.87.16
765,Emelita,Sambals,esambalsl8@de.vu,Polygender,15.162.131.96
766,Federico,Crosio,fcrosiol9@cisco.com,Male,151.217.112.230
767,Madeline,Filippi,mfilippila@360.cn,Female,6.170.29.150
768,Simone,Grindlay,sgrindlaylb@bloglines.com,Agender,127.97.233.69
769,Minnaminnie,Aleksashin,maleksashinlc@intel.com,Genderqueer,230.111.56.6
770,Sal,Ventam,sventamld@statcounter.com,Female,139.90.173.98
771,Ediva,Jeannot,ejeannotle@intel.com,Female,0.98.70.253
772,Constantine,Witherspoon,cwitherspoonlf@chicagotribune.com,Male,88.153.203.153
773,Bev,Cottie,bcottielg@ftc.gov,Male,169.157.169.229
774,Rodge,Kupec,rkupeclh@bloglovin.com,Genderfluid,120.92.109.59
775,Leeland,Rubra,lrubrali@ow.ly,Male,86.202.119.106
776,Lion,Creane,lcreanelj@ox.ac.uk,Male,175.82.233.24
777,Blane,Tomblett,btomblettlk@nih.gov,Male,32.129.12.168
778,Gerianna,Jacop,gjacopll@mapquest.com,Female,166.146.107.15
779,Junette,Gwinnett,jgwinnettlm@liveinternet.ru,Female,47.28.195.68
780,Herc,Pizzie,hpizzieln@cpanel.net,Male,254.14.126.131
781,Colman,Fritschel,cfritschello@aboutads.info,Male,207.230.190.202
782,Morgen,Dayley,mdayleylp@ning.com,Female,204.3.230.92
783,Ursuline,Wetheril,uwetherillq@rakuten.co.jp,Genderqueer,15.55.225.2
784,Cleve,Billion,cbillionlr@shinystat.com,Male,224.144.85.43
785,Bernadina,Greig,bgreigls@gravatar.com,Female,90.103.102.139
786,Nickey,Benjefield,nbenjefieldlt@smugmug.com,Male,89.155.77.20
787,Levi,Jostan,ljostanlu@miibeian.gov.cn,Male,78.236.66.148
788,Fania,Dooland,fdoolandlv@reddit.com,Female,236.31.247.95
789,Billie,O'Lenane,bolenanelw@goo.gl,Female,172.102.203.8
790,Alyosha,Hansbury,ahansburylx@imgur.com,Male,82.240.94.87
791,Fonsie,Demcak,fdemcakly@alibaba.com,Male,14.232.245.125
792,Amalie,Ancell,aancelllz@harvard.edu,Female,130.122.151.148
793,Hillary,Mascall,hmascallm0@gnu.org,Female,203.89.199.159
794,Annetta,Vakhrushin,avakhrushinm1@blogger.com,Female,134.168.66.149
795,Dorie,Dumberrill,ddumberrillm2@yahoo.com,Male,27.58.78.252
796,Kleon,Mancer,kmancerm3@wired.com,Male,146.135.86.140
797,Alika,Trusse,atrussem4@creativecommons.org,Female,76.188.62.71
798,Sylvan,Gaye,sgayem5@bloglines.com,Male,42.54.228.138
799,Marilyn,Pook,mpookm6@nyu.edu,Genderfluid,117.246.159.140
800,Pier,Clarey,pclareym7@walmart.com,Female,179.138.233.201
801,Murial,Wastall,mwastallm8@blinklist.com,Female,229.49.145.29
802,Farrel,Randleson,frandlesonm9@howstuffworks.com,Male,247.48.173.55
803,Miof mela,Moult,mmoultma@webs.com,Female,87.58.244.216
804,Heather,Heathorn,hheathornmb@list-manage.com,Female,133.145.171.69
805,Vern,Szymanowski,vszymanowskimc@sitemeter.com,Male,186.246.85.58
806,Killie,Daine,kdainemd@alibaba.com,Male,82.36.239.203
807,Arie,Pedler,apedlerme@mtv.com,Male,195.116.0.187
808,Axe,Pitway,apitwaymf@amazon.co.jp,Male,174.107.245.59
809,Davey,O'Cahsedy,docahsedymg@theatlantic.com,Male,152.174.212.11
810,Russell,Theseira,rtheseiramh@mayoclinic.com,Male,232.51.245.160
811,Tuckie,Manger,tmangermi@tripadvisor.com,Male,207.129.202.5
812,Katalin,Hengoed,khengoedmj@usa.gov,Female,77.135.54.45
813,Roger,Ariss,rarissmk@booking.com,Male,235.205.27.83
814,Ambrose,Bridle,abridleml@unesco.org,Non-binary,210.229.92.119
815,Kate,Dibley,kdibleymm@wikimedia.org,Female,164.43.116.23
816,Silvanus,Hazeltine,shazeltinemn@dell.com,Male,154.18.31.149
817,Ronda,Greir,rgreirmo@google.fr,Female,185.46.198.40
818,Gannon,Gricewood,ggricewoodmp@sun.com,Male,80.205.122.24
819,Engelbert,Bonnell,ebonnellmq@icq.com,Male,220.179.33.104
820,Kandace,Matushenko,kmatushenkomr@skyrock.com,Female,4.228.91.154
821,Micheal,Goulding,mgouldingms@wiley.com,Male,167.47.178.196
822,Hewitt,Ullock,hullockmt@oaic.gov.au,Male,195.243.208.246
823,Rhett,Kelloway,rkellowaymu@addtoany.com,Male,51.154.237.186
824,Perri,Worthing,pworthingmv@shareasale.com,Polygender,223.117.49.87
825,Andrew,Morling,amorlingmw@harvard.edu,Male,8.11.245.14
826,Archibold,Krebs,akrebsmx@mediafire.com,Male,243.48.243.210
827,Kally,Grier,kgriermy@utexas.edu,Genderfluid,154.215.91.248
828,Annette,Tofpik,atofpikmz@scientificamerican.com,Bigender,243.245.202.120
829,Flori,Birks,fbirksn0@canalblog.com,Genderqueer,74.252.152.156
830,Sharl,Baiyle,sbaiylen1@usgs.gov,Female,189.134.46.217
831,Merlina,Mosdell,mmosdelln2@netvibes.com,Female,117.45.24.252
832,Robinson,Kleinhaus,rkleinhausn3@pagesperso-orange.fr,Male,161.125.157.224
833,Bili,Povey,bpoveyn4@about.me,Female,172.129.242.108
834,Aile,Parris,aparrisn5@cloudflare.com,Female,105.205.81.249
835,Orson,Benneyworth,obenneyworthn6@cdbaby.com,Male,69.6.95.207
836,Debi,Vlasyev,dvlasyevn7@rambler.ru,Female,6.105.166.14
837,Winnifred,Stammer,wstammern8@princeton.edu,Female,209.23.122.152
838,Garrek,Berardt,gberardtn9@creativecommons.org,Male,135.53.7.39
839,Dallis,Cogdell,dcogdellna@narod.ru,Male,185.72.186.45
840,Susie,Merredy,smerredynb@stumbleupon.com,Female,225.114.247.40
841,Robyn,Moulson,rmoulsonnc@europa.eu,Female,205.253.123.8
842,Sauveur,Coultass,scoultassnd@techcrunch.com,Male,125.111.149.206
843,Calli,Asker,caskerne@dagondesign.com,Female,234.217.244.148
844,Bronny,Ridgedell,bridgedellnf@hostgator.com,Male,194.67.180.128
845,Alvy,Edwardson,aedwardsonng@businessweek.com,Male,225.235.64.49
846,Kristin,Kreuzer,kkreuzernh@mit.edu,Female,232.84.202.64
847,Cyrillus,Orehead,coreheadni@jalbum.net,Male,239.234.200.121
848,Pierson,Littlepage,plittlepagenj@creativecommons.org,Male,4.190.122.183
849,Rosabelle,Playfoot,rplayfootnk@toplist.cz,Female,219.173.60.232
850,Kristyn,Smithend,ksmithendnl@blog.com,Female,164.154.71.90
851,Sandi,Rowswell,srowswellnm@xrea.com,Female,6.188.220.73
852,Gordan,Van der Son,gvandersonnn@wired.com,Male,224.248.188.121
853,Baudoin,Halladey,bhalladeyno@answers.com,Male,41.246.85.2
854,Sherri,McCartney,smccartneynp@naver.com,Genderfluid,36.255.4.146
855,Lanita,Fittes,lfittesnq@mozilla.com,Female,190.21.233.22
856,Elia,Flament,eflamentnr@unc.edu,Non-binary,139.147.248.166
857,Emelyne,Wisniowski,ewisniowskins@topsy.com,Female,71.140.54.35
858,Pepillo,Lentsch,plentschnt@technorati.com,Male,123.207.106.225
859,Barnaby,Creggan,bcreggannu@toplist.cz,Male,24.211.154.253
860,West,Sharpley,wsharpleynv@vistaprint.com,Male,217.50.9.74
861,Dorie,Kunkler,dkunklernw@nifty.com,Female,49.78.131.68
862,Lin,Bang,lbangnx@nyu.edu,Female,110.99.209.93
863,Colette,Liquorish,cliquorishny@clickbank.net,Female,171.251.89.21
864,Agnella,Adamovitz,aadamovitznz@plala.or.jp,Genderqueer,32.196.159.65
865,Milzie,Merrgan,mmerrgano0@reference.com,Female,137.93.65.250
866,Anselma,Ferrarotti,aferrarottio1@auda.org.au,Female,92.173.121.51
867,Vivian,Bloxsom,vbloxsomo2@tinypic.com,Female,159.20.43.48
868,Hilly,Eriksson,herikssono3@godaddy.com,Male,125.31.99.10
869,Ruggiero,Woolforde,rwoolfordeo4@hao123.com,Male,166.75.105.191
870,Drew,Lightbourne,dlightbourneo5@jiathis.com,Male,57.108.36.145
871,Mario,Joyes,mjoyeso6@europa.eu,Male,244.165.194.139
872,Powell,Janway,pjanwayo7@canalblog.com,Male,18.172.40.24
873,Emmy,Dupey,edupeyo8@elegantthemes.com,Male,72.110.144.6
874,Una,MacShirrie,umacshirrieo9@nih.gov,Genderfluid,77.208.88.52
875,Thane,Stygall,tstygalloa@wix.com,Male,82.99.225.15
876,Fedora,Partleton,fpartletonob@mapquest.com,Female,167.9.213.61
877,Nicoli,Waller-Bridge,nwallerbridgeoc@hhs.gov,Female,49.108.19.182
878,Starr,Hartlebury,shartleburyod@prlog.org,Female,21.129.153.131
879,Ibby,Wrathmall,iwrathmalloe@bluehost.com,Female,170.154.78.105
880,Almeria,Starie,astarieof@angelfire.com,Female,66.160.40.241
881,Wilburt,Lavalde,wlavaldeog@multiply.com,Male,198.175.186.150
882,Conroy,Alves,calvesoh@diigo.com,Male,108.32.252.104
883,Jerry,Anger,jangeroi@ft.com,Male,30.101.230.224
884,Lacie,Gatty,lgattyoj@guardian.co.uk,Female,24.80.185.3
885,Dilly,Balke,dbalkeok@istockphoto.com,Male,16.120.164.193
886,Fairleigh,Richardot,frichardotol@biglobe.ne.jp,Male,131.122.215.166
887,Alon,Tesauro,atesauroom@sciencedaily.com,Male,24.10.43.151
888,Mollee,Uvedale,muvedaleon@technorati.com,Female,255.72.228.42
889,Jilly,Swyre,jswyreoo@marketwatch.com,Female,94.48.155.246
890,Morris,O'Cuddie,mocuddieop@exblog.jp,Male,95.245.55.92
891,Dore,Lilion,dlilionoq@nasa.gov,Male,108.228.89.32
892,Conway,Wardesworth,cwardesworthor@eventbrite.com,Male,247.93.32.221
893,Jessie,Simmans,jsimmansos@comcast.net,Female,240.72.230.235
894,Bendite,Warlock,bwarlockot@wired.com,Agender,36.109.25.4
895,Leda,Decruse,ldecruseou@123-reg.co.uk,Female,231.220.46.80
896,Adams,Sieghard,asieghardov@xrea.com,Polygender,163.212.10.154
897,Sammie,Daglish,sdaglishow@ca.gov,Male,45.214.87.16
898,Ashil,Hubert,ahubertox@nps.gov,Female,86.51.208.114
899,Teressa,Gorhardt,tgorhardtoy@drupal.org,Female,148.93.14.153
900,Leontyne,Bestall,lbestalloz@newyorker.com,Female,186.153.75.11
901,Rhianna,Baskerfield,rbaskerfieldp0@meetup.com,Female,204.152.200.244
902,Felicio,Climson,fclimsonp1@odnoklassniki.ru,Male,76.199.145.188
903,Skippy,Moens,smoensp2@geocities.jp,Male,9.97.197.242
904,Waylon,Jedraszek,wjedraszekp3@symantec.com,Bigender,239.10.208.126
905,Hephzibah,Maccraw,hmaccrawp4@ehow.com,Female,176.78.160.81
906,Jojo,Arenson,jarensonp5@noaa.gov,Female,237.35.96.44
907,Mei,Huske,mhuskep6@usnews.com,Female,193.21.150.191
908,Robinet,Croutear,rcroutearp7@behance.net,Female,118.192.198.137
909,Norby,Willshee,nwillsheep8@ask.com,Male,152.96.95.153
910,Toby,Gerok,tgerokp9@ning.com,Female,248.214.201.35
911,Teddie,Scarce,tscarcepa@godaddy.com,Male,219.126.49.85
912,Hendrika,Bernardinelli,hbernardinellipb@plala.or.jp,Female,215.96.28.246
913,Kalli,Belfitt,kbelfittpc@ovh.net,Female,244.6.250.146
914,Ivie,Wilkes,iwilkespd@opensource.org,Female,177.163.83.29
915,Josepha,Isenor,jisenorpe@bloomberg.com,Female,224.123.216.87
916,Aharon,Feighry,afeighrypf@irs.gov,Polygender,162.154.253.119
917,Adriena,Loadwick,aloadwickpg@nytimes.com,Female,161.222.99.132
918,Laney,Barmadier,lbarmadierph@github.com,Female,206.241.240.41
919,Nessa,Badham,nbadhampi@va.gov,Female,46.249.42.253
920,Idaline,Woollam,iwoollampj@amazonaws.com,Female,143.114.84.150
921,Else,Deeney,edeeneypk@plala.or.jp,Female,182.140.71.86
922,Fanni,Baelde,fbaeldepl@google.com.au,Female,86.199.87.109
923,Christoper,Twitching,ctwitchingpm@is.gd,Male,153.125.189.168
924,Rose,Klus,rkluspn@jimdo.com,Female,14.188.3.21
925,Horacio,Jerratsch,hjerratschpo@g.co,Male,100.159.225.163
926,Denys,Nisot,dnisotpp@webmd.com,Male,93.246.242.232
927,Cordie,Paddison,cpaddisonpq@simplemachines.org,Male,146.246.235.90
928,Marijo,Fero,mferopr@adobe.com,Female,85.78.143.142
929,Rheba,Shaudfurth,rshaudfurthps@examiner.com,Genderqueer,123.3.136.221
930,Randa,Whatley,rwhatleypt@usda.gov,Female,247.199.162.171
931,Christopher,Scroggie,cscroggiepu@time.com,Male,55.4.172.53
932,Honoria,Haggard,hhaggardpv@nsw.gov.au,Female,54.130.112.90
933,Randy,Giacovelli,rgiacovellipw@macromedia.com,Male,208.47.253.95
934,Cesare,Goodspeed,cgoodspeedpx@slashdot.org,Male,184.16.11.41
935,Itch,Moan,imoanpy@hostgator.com,Male,132.130.65.145
936,Jarib,Bodycote,jbodycotepz@smugmug.com,Male,106.88.225.53
937,Marcia,Helis,mhelisq0@twitter.com,Female,198.238.51.102
938,Lem,Casserly,lcasserlyq1@imgur.com,Male,57.190.111.61
939,Billie,Inchley,binchleyq2@admin.ch,Male,230.122.80.250
940,Aurilia,Jugging,ajuggingq3@discovery.com,Female,111.162.123.186
941,Lilith,Ralphs,lralphsq4@shutterfly.com,Female,248.90.54.120
942,Jan,Kenney,jkenneyq5@rakuten.co.jp,Male,143.13.102.25
943,Kiel,Poulter,kpoulterq6@boston.com,Male,66.72.135.109
944,Gwenny,Miche,gmicheq7@cisco.com,Female,81.172.250.107
945,Merle,Berzen,mberzenq8@thetimes.co.uk,Non-binary,34.91.47.143
946,Crichton,Mustoo,cmustooq9@example.com,Male,97.157.157.217
947,Bethina,MacConchie,bmacconchieqa@reddit.com,Female,93.247.182.97
948,Nicholle,Witsey,nwitseyqb@desdev.cn,Female,199.77.111.175
949,Damiano,Guisby,dguisbyqc@123-reg.co.uk,Male,7.56.189.188
950,Tammy,Yegorkin,tyegorkinqd@biblegateway.com,Male,210.235.217.38
951,Zack,McOnie,zmconieqe@shop-pro.jp,Male,103.5.64.153
952,Tyrus,Ruprechter,truprechterqf@microsoft.com,Genderqueer,74.25.131.61
953,Pavlov,Palley,ppalleyqg@dedecms.com,Male,38.102.146.127
954,Goran,Spencley,gspencleyqh@bloglovin.com,Male,79.211.100.173
955,Godwin,Urian,gurianqi@indiatimes.com,Male,63.142.66.179
956,Sara-ann,O'Brogane,sobroganeqj@people.com.cn,Female,142.16.60.46
957,Felita,Botcherby,fbotcherbyqk@blog.com,Female,136.81.215.14
958,Ches,Sulland,csullandql@thetimes.co.uk,Male,27.77.249.172
959,Marietta,Sommerling,msommerlingqm@topsy.com,Male,26.30.160.180
960,Garrott,Taylo,gtayloqn@simplemachines.org,Male,88.78.146.31
961,Dinnie,Clulee,dcluleeqo@surveymonkey.com,Female,225.186.84.202
962,Billi,Baughan,bbaughanqp@purevolume.com,Female,230.179.212.162
963,Evyn,Wellwood,ewellwoodqq@japanpost.jp,Male,174.31.148.6
964,Scot,Freckelton,sfreckeltonqr@nytimes.com,Male,162.16.131.123
965,Aguie,Calrow,acalrowqs@tiny.cc,Male,11.215.175.136
966,Damaris,Donan,ddonanqt@booking.com,Female,230.130.244.168
967,Nonna,Troillet,ntroilletqu@ebay.com,Female,18.67.183.23
968,Lucinda,Tunnick,ltunnickqv@lulu.com,Female,105.82.161.54
969,Bette,Hasley,bhasleyqw@google.fr,Female,137.37.238.237
970,Dick,Igounet,digounetqx@kickstarter.com,Male,186.29.41.125
971,Neron,Jamary,njamaryqy@forbes.com,Male,43.193.217.148
972,Lea,McRinn,lmcrinnqz@dagondesign.com,Agender,198.146.221.66
973,Robinett,de Courcy,rdecourcyr0@icio.us,Female,46.207.150.194
974,Hermie,Walbrun,hwalbrunr1@yelp.com,Male,174.111.166.187
975,Brandon,Boolsen,bboolsenr2@whitehouse.gov,Bigender,22.183.227.100
976,Claudio,Bleckly,cblecklyr3@amazon.co.jp,Genderqueer,35.223.42.23
977,Debor,Chatain,dchatainr4@bravesites.com,Female,187.167.244.246
978,Vicky,Rogister,vrogisterr5@addthis.com,Female,97.100.214.169
979,Dulcie,Faussett,dfaussettr6@ask.com,Female,162.255.32.199
980,Sari,Arnao,sarnaor7@lycos.com,Female,137.63.183.40
981,Gusella,Bonome,gbonomer8@w3.org,Polygender,233.175.124.56
982,Ag,Rubenfeld,arubenfeldr9@tuttocitta.it,Female,27.181.129.62
983,Rossy,Slyford,rslyfordra@un.org,Male,24.88.155.34
984,Rachael,Ayliffe,raylifferb@hexun.com,Female,129.62.95.233
985,Eal,Pharo,epharorc@cbc.ca,Bigender,174.141.157.53
986,Randi,Beckinsale,rbeckinsalerd@boston.com,Female,62.200.124.56
987,Randal,Cashen,rcashenre@a8.net,Male,217.181.69.122
988,Huntington,Wyllcock,hwyllcockrf@addtoany.com,Polygender,211.148.11.95
989,Guido,Tibbs,gtibbsrg@ebay.com,Male,2.28.122.119
990,Freddie,Viccars,fviccarsrh@vistaprint.com,Male,210.221.16.237
991,Olga,Edmands,oedmandsri@moonfruit.com,Agender,252.4.1.124
992,Eben,McElwee,emcelweerj@aboutads.info,Male,34.215.118.225
993,Ag,Coddington,acoddingtonrk@irs.gov,Female,94.44.231.225
994,Yulma,Liddington,yliddingtonrl@mail.ru,Male,14.150.149.201
995,Cathrine,Gleeton,cgleetonrm@si.edu,Agender,208.41.75.51
996,Scottie,McMonies,smcmoniesrn@ihg.com,Male,203.170.218.230
997,Angelita,Rosenbloom,arosenbloomro@foxnews.com,Female,152.212.176.195
998,Antoni,Hofer,ahoferrp@narod.ru,Polygender,3.191.76.10
999,Gwendolen,Cotton,gcottonrq@wsj.com,Female,247.126.42.54
1000,Hanni,Oertzen,hoertzenrr@chicagotribune.com,Female,246.210.113.47
